{
  "model_config": {
    "vocab_size": 4,
    "d_model": 64,
    "nhead": 4,
    "num_layers": 2,
    "dim_feedforward": 128,
    "max_seq_length": 100,
    "dropout": 0.1
  },
  "training_args": {
    "data_source": "database",
    "data_file": null,
    "database_url": null,
    "min_unpredictability": 0.0,
    "method_filter": null,
    "min_length": 10,
    "max_length": 100,
    "augment": 5,
    "val_ratio": 0.2,
    "d_model": 64,
    "nhead": 4,
    "num_layers": 2,
    "dim_feedforward": 128,
    "max_seq_length": 100,
    "dropout": 0.1,
    "epochs": 30,
    "batch_size": 8,
    "learning_rate": 0.001,
    "device": "auto",
    "output_dir": "/app/models",
    "model_name": "augmented_transformer",
    "save_every": 10,
    "print_every": 5,
    "seed": 42,
    "dry_run": false
  },
  "training_history": {
    "train_loss": [
      0.705726158618927,
      0.6796600182851156,
      0.6771905501683553,
      0.6724343339602152,
      0.6688969969749451,
      0.6693883061408996,
      0.6710506677627563,
      0.6645275910695394,
      0.6668383439381917,
      0.6650930603345235,
      0.6656367341677348,
      0.6626221259435018,
      0.6619397521018981,
      0.6616612195968627,
      0.6587323188781739,
      0.65360080798467,
      0.6520794471104939,
      0.6600425998369853,
      0.6447696089744568,
      0.6474117318789164,
      0.6437440117200216,
      0.6405206123987833,
      0.6412707169850668,
      0.6450128316879272,
      0.6426308631896973,
      0.6403084595998129,
      0.6325608571370442,
      0.6330069382985433,
      0.634350613753001,
      0.6347971836725871
    ],
    "val_loss": [
      0.6606362462043762,
      0.6689639687538147,
      0.6589778959751129,
      0.6593262404203415,
      0.6635222434997559,
      0.6611776351928711,
      0.6571144908666611,
      0.6575934290885925,
      0.6576140969991684,
      0.6610056757926941,
      0.6622476577758789,
      0.6591181010007858,
      0.6623356193304062,
      0.6583185642957687,
      0.6592470407485962,
      0.6542952507734299,
      0.6597106605768204,
      0.653426006436348,
      0.6561884433031082,
      0.6498357504606247,
      0.6570543199777603,
      0.6546678692102432,
      0.6628293246030807,
      0.6560670882463455,
      0.6602853536605835,
      0.6482066661119461,
      0.6522832363843918,
      0.6456997841596603,
      0.6684078127145767,
      0.6697059124708176
    ],
    "val_accuracy": [
      0.6319101123595505,
      0.6310112359550561,
      0.630561797752809,
      0.630561797752809,
      0.618876404494382,
      0.6089887640449438,
      0.6247191011235955,
      0.6242696629213483,
      0.6197752808988765,
      0.6170786516853932,
      0.6080898876404495,
      0.6089887640449438,
      0.6017977528089887,
      0.6125842696629213,
      0.6157303370786517,
      0.6202247191011236,
      0.6215730337078652,
      0.6197752808988765,
      0.5995505617977528,
      0.6125842696629213,
      0.6152808988764045,
      0.6134831460674157,
      0.6031460674157303,
      0.6184269662921348,
      0.616629213483146,
      0.6089887640449438,
      0.6053932584269663,
      0.6134831460674157,
      0.6193258426966292,
      0.6179775280898876
    ]
  },
  "data_stats": {
    "total_sequences": 150,
    "train_sequences": 120,
    "val_sequences": 30,
    "avg_sequence_length": 76.36
  },
  "timestamp": "2025-10-09T20:51:13.732325"
}