{
  "model_config": {
    "vocab_size": 4,
    "d_model": 128,
    "nhead": 8,
    "num_layers": 6,
    "dim_feedforward": 512,
    "max_seq_length": 100,
    "dropout": 0.1
  },
  "training_args": {
    "data_source": "database",
    "data_file": null,
    "database_url": null,
    "min_unpredictability": 0.0,
    "method_filter": null,
    "min_length": 10,
    "max_length": 100,
    "augment": 1,
    "duplicate": 1,
    "val_ratio": 0.2,
    "d_model": 128,
    "nhead": 8,
    "num_layers": 6,
    "dim_feedforward": 512,
    "max_seq_length": 100,
    "dropout": 0.1,
    "epochs": 100,
    "batch_size": 4,
    "learning_rate": 0.003,
    "device": "cuda",
    "output_dir": "/app/models",
    "model_name": "full_data_gpu_model",
    "save_every": 10,
    "print_every": 10,
    "seed": 42,
    "dry_run": false
  },
  "training_history": {
    "train_loss": [
      1.0697462737560273,
      0.6975265324115754,
      0.6836673796176911,
      0.6945810616016388,
      0.6887238025665283,
      0.6944550991058349,
      0.6917031347751618,
      0.7005311071872711,
      0.6979777574539184,
      0.7170144498348237,
      0.6970842242240906,
      0.7016470193862915,
      0.7254923164844513,
      0.693032032251358,
      0.6869697093963623,
      0.6887174606323242,
      0.6889226257801055,
      0.6906695902347565,
      0.6940703570842743,
      0.6912289023399353,
      0.6875793099403381,
      0.6853635430335998,
      0.6889949858188629,
      0.6868269324302674,
      0.6905111014842987,
      0.6975093364715577,
      0.6855744004249573,
      0.6900873601436615,
      0.691009521484375,
      0.6890710532665253,
      0.6940066754817963,
      0.6910035967826843,
      0.6925371348857879,
      0.6891182661056519,
      0.6920837223529815,
      0.6902727425098419,
      0.6945222914218903,
      0.687928956747055,
      0.6882817566394805,
      0.6934262633323669,
      0.6898889780044556,
      0.6918943345546722,
      0.6879153072834014,
      0.6883752822875977,
      0.6875407636165619,
      0.6854456007480622,
      0.6895553290843963,
      0.6875093221664429,
      0.6878531217575073,
      0.6862859010696412,
      0.689659321308136,
      0.6877225339412689,
      0.689582633972168,
      0.6870522022247314,
      0.6889575302600861,
      0.6880125999450684,
      0.6846707880496978,
      0.6877669990062714,
      0.6855592846870422,
      0.6868216395378113,
      0.6876820206642151,
      0.6865192949771881,
      0.686704957485199,
      0.688612186908722,
      0.686132138967514,
      0.6870223939418793,
      0.6879287004470825,
      0.6885796189308167,
      0.6866222977638244,
      0.6871669352054596,
      0.6859374463558197,
      0.689708137512207,
      0.6904819071292877,
      0.6878112375736236,
      0.6854253113269806,
      0.6844323575496674,
      0.6843928873538971,
      0.6874695241451263,
      0.6877553164958954,
      0.6864116549491882,
      0.6823262989521026,
      0.6862507462501526,
      0.6863779067993164,
      0.687816321849823,
      0.6865133821964264,
      0.687013441324234,
      0.6887717247009277,
      0.6864801466464996,
      0.6863036334514618,
      0.6873332679271698,
      0.6873844683170318,
      0.6866336762905121,
      0.6848178386688233,
      0.6830743849277496,
      0.6872831463813782,
      0.6880042493343353,
      0.6865567445755005,
      0.6885469734668732,
      0.6862463593482971,
      0.6863009870052338
    ],
    "val_loss": [
      0.6890104214350382,
      0.6888282696406046,
      0.7106035351753235,
      0.6867708365122477,
      0.6869118412335714,
      0.691459596157074,
      0.6926150321960449,
      0.7137631773948669,
      0.7021863659222921,
      0.7093818187713623,
      0.6940595308939616,
      0.7178903420766195,
      0.6931256453196207,
      0.6875352462132772,
      0.6866446137428284,
      0.6865815917650858,
      0.6874646544456482,
      0.6865794459978739,
      0.6870502829551697,
      0.68677685658137,
      0.686702291170756,
      0.6866263151168823,
      0.6865501999855042,
      0.6880584756533304,
      0.6867055694262186,
      0.6872854828834534,
      0.6873168547948202,
      0.6867254575093588,
      0.6871722539265951,
      0.6865279078483582,
      0.6868776480356852,
      0.6866847078005472,
      0.6873246630032858,
      0.6867406765619913,
      0.6866144339243571,
      0.6869343320528666,
      0.6922079722086588,
      0.6879234115282694,
      0.6866438587506613,
      0.695442775885264,
      0.6906421780586243,
      0.6887468099594116,
      0.686523973941803,
      0.6867366631825765,
      0.6878281831741333,
      0.6870814363161722,
      0.6867388089497884,
      0.6865327556927999,
      0.6871976852416992,
      0.6866138378779093,
      0.6866802970568339,
      0.6883431275685629,
      0.6871391336123148,
      0.6868238647778829,
      0.6902570923169454,
      0.6865949233373007,
      0.686526358127594,
      0.6884778936704,
      0.6865316033363342,
      0.6865203181902567,
      0.6869479616483053,
      0.686547060807546,
      0.6866152087847391,
      0.6865277687708536,
      0.6873820821444193,
      0.6867493192354838,
      0.6867193182309469,
      0.6870238979657491,
      0.6871689359347025,
      0.6872278650601705,
      0.686558743317922,
      0.6868292093276978,
      0.6894252896308899,
      0.6867110927899679,
      0.6865736246109009,
      0.6889632344245911,
      0.6869833866755167,
      0.6866745551427206,
      0.6867233514785767,
      0.6873068610827128,
      0.6865240931510925,
      0.6875002582867941,
      0.6869257887204488,
      0.6866841316223145,
      0.6866284410158793,
      0.6867657502492269,
      0.6870467265446981,
      0.6869847973187765,
      0.686590830485026,
      0.6867423057556152,
      0.686525821685791,
      0.6865200797716776,
      0.6865210135777792,
      0.6865264177322388,
      0.6895070870717367,
      0.6868162552515665,
      0.6865215102831522,
      0.6867677966753641,
      0.6865288813908895,
      0.6865484118461609
    ],