{
  "model_config": {
    "vocab_size": 4,
    "d_model": 128,
    "nhead": 8,
    "num_layers": 6,
    "dim_feedforward": 512,
    "max_seq_length": 100,
    "dropout": 0.1
  },
  "training_args": {
    "data_source": "database",
    "data_file": null,
    "database_url": null,
    "min_unpredictability": 0.0,
    "method_filter": null,
    "min_length": 10,
    "max_length": 100,
    "augment": 1,
    "duplicate": 50,
    "val_ratio": 0.2,
    "d_model": 128,
    "nhead": 8,
    "num_layers": 6,
    "dim_feedforward": 512,
    "max_seq_length": 100,
    "dropout": 0.1,
    "epochs": 60,
    "batch_size": 8,
    "learning_rate": 0.005,
    "device": "cuda",
    "output_dir": "/app/models",
    "model_name": "gpu_duplicated_model",
    "save_every": 10,
    "print_every": 10,
    "seed": 42,
    "dry_run": false
  },
  "training_history": {
    "train_loss": [
      0.7146880520151017,
      0.6912540955746428,
      0.6888757195878537,
      0.6879735720918534,
      0.6875882765080067,
      0.6874082623644078,
      0.6872595733784614,
      0.6874469858534793,
      0.6875581371023299,
      0.6875198666085588,
      0.6873172681382362,
      0.6874481718590919,
      0.6874903323802543,
      0.6876669939528121,
      0.6875256997473697,
      0.6874224277252846,
      0.68746036088213,
      0.6877684060563433,
      0.6875009191797135,
      0.6876681672765853,
      0.6878442046490122,
      0.6874590018962292,
      0.6877087976070161,
      0.6873931742729025,
      0.6877311734443016,
      0.6876188285807345,
      0.687530865314159,
      0.687821965014681,
      0.6877607168035305,
      0.6874170201890012,
      0.6877729557930155,
      0.6874018707173936,
      0.6874681363714502,
      0.6876393209112451,
      0.6875506986962988,
      0.687411053383604,
      0.6872962041104094,
      0.6876901423677485,
      0.6878129066304958,
      0.6873190725103338,
      0.6875234114362838,
      0.6874416120508884,
      0.6876552470186923,
      0.6875194800660965,
      0.6874248108965285,
      0.6873312308433208,
      0.6874080313012955,
      0.6876064475546492,
      0.6877547497444965,
      0.6874226689338684,
      0.6874619344447521,
      0.6876937369082836,
      0.6873849145909573,
      0.6875165115011499,
      0.6872762160098299,
      0.6873843497418343,
      0.6873079064044546,
      0.6875395744404894,
      0.6876148218804218,
      0.6875417678914172
    ],
    "val_loss": [
      0.6881318546957889,
      0.6894171692557254,
      0.6898472703109353,
      0.6867101828930742,
      0.6868421334331318,
      0.6866504378237966,
      0.6866487395965447,
      0.68654981710143,
      0.6865523770704107,
      0.6866030592029377,
      0.6865652890528663,
      0.6866457846205113,
      0.6865968744633562,
      0.6866222226013572,
      0.6866200626906702,
      0.6866237793938589,
      0.6865844271950803,
      0.6866129899429063,
      0.6875084992182456,
      0.6865578475645033,
      0.686679543074915,
      0.6868976091934462,
      0.6866381521952354,
      0.6865795618396694,
      0.6865693361072217,
      0.6865725183891038,
      0.6867085089117794,
      0.6873020802514028,
      0.6875370053921716,
      0.6872028324563625,
      0.687872882616722,
      0.6866425518262185,
      0.6865692219491732,
      0.6869821588871843,
      0.6865950802625236,
      0.6865784414743973,
      0.6865972341117212,
      0.6875302528930922,
      0.686892886283034,
      0.6892531665705018,
      0.6872955823348741,
      0.6865596650010448,
      0.6866376501018718,
      0.6865837988206895,
      0.6865507243043285,
      0.6866287548663252,
      0.6866027945179051,
      0.6866790177458424,
      0.6867709806409933,
      0.6865629119388128,
      0.6865855354373738,
      0.6866275243839975,
      0.6865803973149445,
      0.6865657578080387,
      0.6871067689637006,
      0.6865509394871987,
      0.6866404070692548,
      0.6874435857190924,
      0.6865644919670234,
      0.6867461416680934
    ],
    "val_accuracy": [
      0.5574893617021277,
      0.5574893617021277,
      0.5574893617021277,
      0.5574893617021277,
      0.5574893617021277,
      0.5574893617021277,
      0.5574893617021277,
      0.5574893617021277,
      0.5574893617021277,
      0.5574893617021277,
      0.5574893617021277,
      0.5574893617021277,
      0.5574893617021277,
      0.5574893617021277,
      0.5574893617021277,
      0.5574893617021277,
      0.5574893617021277,
      0.5574893617021277,
      0.5574893617021277,
      0.5574893617021277,
      0.5574893617021277,
      0.5574893617021277,
      0.5574893617021277,
      0.5574893617021277,
      0.5574893617021277,
      0.5574893617021277,
      0.5574893617021277,
      0.5574893617021277,
      0.5574893617021277,
      0.5574893617021277,
      0.5574893617021277,
      0.5574893617021277,
      0.5574893617021277,
      0.5574893617021277,
      0.5574893617021277,
      0.5574893617021277,
      0.5574893617021277,
      0.5574893617021277,
      0.5574893617021277,
      0.5574893617021277,
      0.5574893617021277,
      0.5574893617021277,
      0.5574893617021277,
      0.5574893617021277,
      0.5574893617021277,
      0.5574893617021277,
      0.5574893617021277,
      0.5574893617021277,
      0.5574893617021277,
      0.5574893617021277,
      0.5574893617021277,
      0.5574893617021277,
      0.5574893617021277,
      0.5574893617021277,
      0.5574893617021277,
      0.5574893617021277,
      0.5574893617021277,
      0.5574893617021277,
      0.5574893617021277,
      0.5574893617021277
    ]
  },
  "data_stats": {
    "total_sequences": 2350,
    "train_sequences": 1880,
    "val_sequences": 470,
    "avg_sequence_length": 100.0
  },
  "timestamp": "2025-10-14T16:07:30.295274"
}