{
  "model_config": {
    "vocab_size": 3,
    "d_model": 256,
    "nhead": 16,
    "num_layers": 6,
    "dim_feedforward": 1024,
    "max_seq_length": 100,
    "dropout": 0.1
  },
  "training_args": {
    "data_source": "database",
    "data_file": null,
    "database_url": null,
    "min_unpredictability": 0.0,
    "method_filter": null,
    "min_length": 10,
    "max_length": 100,
    "augment": 1,
    "val_ratio": 0.2,
    "d_model": 256,
    "nhead": 16,
    "num_layers": 6,
    "dim_feedforward": 1024,
    "max_seq_length": 100,
    "dropout": 0.1,
    "epochs": 50,
    "batch_size": 16,
    "learning_rate": 0.0001,
    "device": "auto",
    "output_dir": "/app/models",
    "model_name": "gpu_transformer",
    "save_every": 10,
    "print_every": 5,
    "seed": 42,
    "dry_run": false
  },
  "training_history": {
    "train_loss": [
      0.7373703122138977,
      1.8659825325012207,
      0.8849533200263977,
      0.8590834140777588,
      1.0945663452148438,
      1.0188066959381104,
      0.8185967206954956,
      0.6980105638504028,
      0.7154818177223206,
      0.8078716397285461,
      0.8428550958633423,
      0.8101599812507629,
      0.7466976046562195,
      0.6972196698188782,
      0.6913665533065796,
      0.7137760519981384,
      0.7423628568649292,
      0.7489631175994873,
      0.7420763373374939,
      0.7284560203552246,
      0.701535165309906,
      0.6886994242668152,
      0.6879266500473022,
      0.6969298720359802,
      0.7125797867774963,
      0.7127648591995239,
      0.7116109728813171,
      0.7015849351882935,
      0.6877585649490356,
      0.6915614604949951,
      0.6909578442573547,
      0.6949027180671692,
      0.6988952159881592,
      0.6961309909820557,
      0.7002823948860168,
      0.6886232495307922,
      0.6874902844429016,
      0.6865375638008118,
      0.6888015270233154,
      0.6911107897758484,
      0.6910245418548584,
      0.694023609161377,
      0.697578489780426,
      0.6833104491233826,
      0.6870519518852234,
      0.6887826323509216,
      0.6909607648849487,
      0.6906889081001282,
      0.6880655288696289,
      0.6889836192131042
    ],
    "val_loss": [
      1.7382384538650513,
      0.8315010070800781,
      0.9533677101135254,
      1.2425525188446045,
      1.141056776046753,
      0.8983194231987,
      0.7217313051223755,
      0.7079067826271057,
      0.769868791103363,
      0.7972559332847595,
      0.7707834839820862,
      0.7234487533569336,
      0.6957793235778809,
      0.7087359428405762,
      0.7506608963012695,
      0.7916809916496277,
      0.8087370991706848,
      0.7969819903373718,
      0.7662061452865601,
      0.7308736443519592,
      0.7049546837806702,
      0.6944816708564758,
      0.6958387494087219,
      0.7006580829620361,
      0.7023600339889526,
      0.6994913220405579,
      0.6951692700386047,
      0.6942047476768494,
      0.6993963122367859,
      0.7097935676574707,
      0.7210765480995178,
      0.7289680242538452,
      0.7304465174674988,
      0.7253932952880859,
      0.7163797616958618,
      0.7068986892700195,
      0.6997301578521729,
      0.6957904100418091,
      0.694344699382782,
      0.6941052079200745,
      0.6941384673118591,
      0.6944446563720703,
      0.695685088634491,
      0.6984564661979675,
      0.7025461792945862,
      0.7068881988525391,
      0.7100085616111755,
      0.7110952138900757,
      0.7100093960762024,
      0.7072769999504089
    ],
    "val_accuracy": [
      0.5084175084175084,
      0.5084175084175084,
      0.49158249158249157,
      0.49158249158249157,
      0.49158249158249157,
      0.49158249158249157,
      0.4983164983164983,
      0.5252525252525253,
      0.5084175084175084,
      0.5084175084175084,
      0.5084175084175084,
      0.5084175084175084,
      0.5286195286195287,
      0.5050505050505051,
      0.49158249158249157,
      0.49158249158249157,
      0.49158249158249157,
      0.49158249158249157,
      0.49158249158249157,
      0.49158249158249157,
      0.5050505050505051,
      0.5117845117845118,
      0.5252525252525253,
      0.5117845117845118,
      0.4983164983164983,
      0.5185185185185185,
      0.5353535353535354,
      0.5117845117845118,
      0.5117845117845118,
      0.49158249158249157,
      0.49158249158249157,
      0.49158249158249157,
      0.49158249158249157,
      0.49158249158249157,
      0.49158249158249157,
      0.5050505050505051,
      0.5084175084175084,
      0.5117845117845118,
      0.5117845117845118,
      0.5185185185185185,
      0.5185185185185185,
      0.5185185185185185,
      0.5117845117845118,
      0.5151515151515151,
      0.5050505050505051,
      0.5151515151515151,
      0.4983164983164983,
      0.49158249158249157,
      0.4983164983164983,
      0.5151515151515151
    ]
  },
  "data_stats": {
    "total_sequences": 17,
    "train_sequences": 14,
    "val_sequences": 3,
    "avg_sequence_length": 100.0
  },
  "timestamp": "2025-10-09T18:47:39.326165"
}