{
  "model_config": {
    "vocab_size": 4,
    "d_model": 16,
    "nhead": 4,
    "num_layers": 1,
    "dim_feedforward": 64,
    "max_seq_length": 100,
    "dropout": 0.1
  },
  "training_args": {
    "data_source": "database",
    "data_file": null,
    "database_url": null,
    "min_unpredictability": 0.0,
    "method_filter": null,
    "min_length": 10,
    "max_length": 100,
    "augment": 1,
    "duplicate": 1,
    "val_ratio": 0.2,
    "d_model": 16,
    "nhead": 4,
    "num_layers": 1,
    "dim_feedforward": 64,
    "max_seq_length": 100,
    "dropout": 0.1,
    "epochs": 100,
    "batch_size": 4,
    "learning_rate": 0.001,
    "device": "cuda",
    "output_dir": "/app/models",
    "model_name": "grid_100_epochs",
    "save_every": 10,
    "print_every": 5,
    "seed": 42,
    "dry_run": false
  },
  "training_history": {
    "train_loss": [
      0.7105774035056432,
      0.6948016881942749,
      0.6945480207602183,
      0.6936162759860357,
      0.6929960449536642,
      0.6920317262411118,
      0.6917610019445419,
      0.6909598857164383,
      0.6905707518259684,
      0.691188246011734,
      0.6899902125199636,
      0.6890866458415985,
      0.6893467058738073,
      0.687795509894689,
      0.6860696772734324,
      0.6828693648179373,
      0.6778703431288401,
      0.6722262104352316,
      0.6679637978474299,
      0.6650678664445877,
      0.6626467108726501,
      0.656470408042272,
      0.6577397336562475,
      0.6570039639870325,
      0.650684634844462,
      0.6540162911017736,
      0.6505535542964935,
      0.6486190035939217,
      0.6508211344480515,
      0.6470233450333277,
      0.6478237360715866,
      0.6469301035006841,
      0.6450359374284744,
      0.6467795645197233,
      0.6427367428938547,
      0.6427088727553686,
      0.6444561233123144,
      0.6426249593496323,
      0.6404475023349127,
      0.6417117913564047,
      0.6368857224782308,
      0.6408279736836752,
      0.6384920577208201,
      0.6373322159051895,
      0.6383277699351311,
      0.6370147168636322,
      0.6338371286789576,
      0.6354694267114004,
      0.635269229610761,
      0.6317475388447443,
      0.6340429584185282,
      0.6269183854262034,
      0.6290417065223058,
      0.6284030005335808,
      0.6298870046933492,
      0.6315989618500074,
      0.6263990178704262,
      0.629844124118487,
      0.6272135823965073,
      0.625798262655735,
      0.6286651541789373,
      0.6296689907709757,
      0.6260502313574156,
      0.6219799766937891,
      0.6262319286664327,
      0.6259914835294088,
      0.6267238308986028,
      0.629444345831871,
      0.625257338086764,
      0.6271201794346174,
      0.6270960047841072,
      0.6251611411571503,
      0.6223673497637113,
      0.617315394183,
      0.6220567673444748,
      0.6248828222354254,
      0.6206039016445478,
      0.6193844079971313,
      0.6216861804326376,
      0.6224471678336462,
      0.6223514104882876,
      0.6224170029163361,
      0.6219276661674181,
      0.6243337069948515,
      0.6146559715270996,
      0.6199619099497795,
      0.6151361713806788,
      0.6171436036626498,
      0.6157660037279129,
      0.6203166122237841,
      0.6083882475892702,
      0.621418739358584,
      0.6184530009826025,
      0.6155936618645986,
      0.6205987930297852,
      0.6164024770259857,
      0.6121774489680926,
      0.6143456523617109,
      0.6188264091809591,
      0.6144176622231802
    ],
    "val_loss": [
      0.6927083730697632,
      0.6896176735560099,
      0.6884855031967163,
      0.6892833511034647,
      0.6886517405509949,
      0.688677191734314,
      0.6871825059254965,
      0.6872471968332926,
      0.6861974994341532,
      0.6863326032956442,
      0.6848987539609274,
      0.68366007010142,
      0.6814708709716797,
      0.678539514541626,
      0.6738762656847636,
      0.6666979193687439,
      0.6545570492744446,
      0.6422419945398966,
      0.6333064039548238,
      0.6239906350771586,
      0.6177372137705485,
      0.614655594031016,
      0.6121947367986044,
      0.606968104839325,
      0.6053678194681803,
      0.600468784570694,
      0.599281112353007,
      0.5984221498171488,
      0.5988579789797465,
      0.5928732057412466,
      0.5909024477005005,
      0.5945737759272257,
      0.5910099943478903,
      0.5884965260823568,
      0.5900056759516398,
      0.5876008371512095,
      0.5879914065202078,
      0.5851576626300812,
      0.5862340132395426,
      0.5840757687886556,
      0.5855431457360586,
      0.5833433270454407,
      0.5800277292728424,
      0.5797271132469177,
      0.5800119837125143,
      0.5794300635655721,
      0.5787671208381653,
      0.5778788030147552,
      0.5778534909089407,
      0.5771451791127523,
      0.5796584188938141,
      0.5790945788224539,
      0.5766397615273794,
      0.575605571269989,
      0.5765855213006338,
      0.5759096542994181,
      0.5746559202671051,
      0.574217289686203,
      0.571585496266683,
      0.5755547881126404,
      0.5739975074927012,
      0.5717094441254934,
      0.5732891460259756,
      0.5722205837567648,
      0.5742112000783285,
      0.5709304412206014,
      0.5752638081709543,
      0.5716502865155538,
      0.574420154094696,
      0.5723644296328226,
      0.5694391230742136,
      0.5696621338526408,
      0.5696986714998881,
      0.5701410869757334,
      0.5699015657107035,
      0.5713265339533488,
      0.5687239865461985,
      0.5692797303199768,
      0.573066234588623,
      0.5697914659976959,
      0.5694108804066976,
      0.57036292552948,
      0.570620040098826,
      0.5692942142486572,
      0.5669276316960653,
      0.5711703797181448,
      0.5680124660332998,
      0.5663612186908722,
      0.5701650579770406,
      0.5719688733418783,
      0.5704665084679922,
      0.5689546863238016,
      0.5727625787258148,
      0.5688673357168833,
      0.5746777852376302,
      0.5690419375896454,
      0.5706765353679657,
      0.5695417920748392,
      0.5739538272221884,
      0.5715314646561941
    ],