{
  "model_config": {
    "vocab_size": 4,
    "d_model": 64,
    "nhead": 4,
    "num_layers": 2,
    "dim_feedforward": 128,
    "max_seq_length": 100,
    "dropout": 0.3
  },
  "training_args": {
    "data_source": "database",
    "data_file": null,
    "database_url": null,
    "min_unpredictability": 0.0,
    "method_filter": null,
    "min_length": 10,
    "max_length": 100,
    "augment": 15,
    "val_ratio": 0.2,
    "d_model": 64,
    "nhead": 4,
    "num_layers": 2,
    "dim_feedforward": 128,
    "max_seq_length": 100,
    "dropout": 0.3,
    "epochs": 60,
    "batch_size": 4,
    "learning_rate": 0.005,
    "device": "auto",
    "output_dir": "/app/models",
    "model_name": "improved_transformer",
    "save_every": 10,
    "print_every": 5,
    "seed": 42,
    "dry_run": false
  },
  "training_history": {
    "train_loss": [
      0.7028866861805771,
      0.6782311580397866,
      0.6761523954796068,
      0.6746152540047964,
      0.6669292147412444,
      0.6650468734177676,
      0.6742848776506655,
      0.6870724929101539,
      0.679094981063496,
      0.6813015043735504,
      0.6799847926154281,
      0.6799216523314967,
      0.6823517779509226,
      0.6821579725453348,
      0.6805433558695244,
      0.6808206709948453,
      0.6816722001090194,
      0.6782699236364076,
      0.6779222244566138,
      0.67869013096347,
      0.6812199625101957,
      0.681196852163835,
      0.6810300738522501,
      0.6809798722917383,
      0.678655184579618,
      0.6834899774103453,
      0.6783775262760393,
      0.681619155587572,
      0.6845523724050233,
      0.6863676417957653,
      0.6922617365013469,
      0.6921096606688066,
      0.6902902126312256,
      0.684942881266276,
      0.6826145992134557,
      0.6876820398099495,
      0.6838156833793178,
      0.6804276406764984,
      0.6809651147235524,
      0.6888867743087538,
      0.6919956243399418,
      0.6906846553990336,
      0.6935723171089635,
      0.6922443463946834,
      0.6906138504996444,
      0.6884764767054355,
      0.6886322904716838,
      0.688984726414536,
      0.6928937326778065,
      0.6929938440973108,
      0.6909194742188309,
      0.6903155409928524,
      0.6901905103163286,
      0.6909329177755298,
      0.6905456483364105,
      0.6886773452614293,
      0.686171295967969,
      0.6871040084145286,
      0.6892961769392996,
      0.6867574471415896
    ],
    "val_loss": [
      0.649899877169553,
      0.6596505501691032,
      0.6460831778890946,
      0.6537552055190591,
      0.6562505820218254,
      0.6815144191769993,
      0.6804802522939795,
      0.6684520945829504,
      0.6650756878011367,
      0.6656048438128304,
      0.6717921775930068,
      0.6825271178694332,
      0.6667818251778098,
      0.6684261875994065,
      0.6716369460610783,
      0.6691744678160724,
      0.6663616439875435,
      0.6665193578776192,
      0.6648804825894973,
      0.6659093253752765,
      0.6691401635899263,
      0.6709444172242108,
      0.6662274458829094,
      0.6663152084631079,
      0.6744431713048149,
      0.6697467074674719,
      0.6660254632725435,
      0.6675063476842993,
      0.6768233881277197,
      0.6720410094541662,
      0.6933551150209764,
      0.6927057083915261,
      0.7011566477663377,
      0.6676273977055269,
      0.6693237879697014,
      0.6701998921001658,
      0.6757678038933698,
      0.6668740510940552,
      0.6661690052817849,
      0.6936765067717608,
      0.6917904264786664,
      0.6904074830167434,
      0.6927061606855953,
      0.6894215135013356,
      0.6847457465003518,
      0.6773961361716775,
      0.686111380072201,
      0.6931698006742141,
      0.7009284075568704,
      0.6957709543845233,
      0.6787038690903607,
      0.681255933116464,
      0.6812372663441826,
      0.6859389543533325,
      0.6872172215405632,
      0.6852452229051029,
      0.6856891407686121,
      0.6856132430188796,
      0.6861136275179246,
      0.6877106848885032
    ],
    "val_accuracy": [
      0.618200620475698,
      0.6068252326783867,
      0.6051706308169597,
      0.6148914167528439,
      0.5441571871768356,
      0.6080661840744571,
      0.5877973112719752,
      0.6198552223371251,
      0.6165460186142709,
      0.6161323681489141,
      0.6163391933815926,
      0.5644260599793175,
      0.6163391933815926,
      0.6163391933815926,
      0.6163391933815926,
      0.6163391933815926,
      0.6163391933815926,
      0.6163391933815926,
      0.6163391933815926,
      0.6163391933815926,
      0.6163391933815926,
      0.6163391933815926,
      0.6163391933815926,
      0.6163391933815926,
      0.6163391933815926,
      0.6163391933815926,
      0.6163391933815926,
      0.6163391933815926,
      0.6163391933815926,
      0.6163391933815926,
      0.5050672182006205,
      0.5042399172699069,
      0.5050672182006205,
      0.6126163391933815,
      0.6163391933815926,
      0.6163391933815926,
      0.6163391933815926,
      0.6163391933815926,
      0.6163391933815926,
      0.49493278179937955,
      0.49493278179937955,
      0.5650465356773526,
      0.49493278179937955,
      0.49493278179937955,
      0.5683557394002068,
      0.6165460186142709,
      0.5650465356773526,
      0.5050672182006205,
      0.49493278179937955,
      0.49493278179937955,
      0.6198552223371251,
      0.5509824198552223,
      0.6012409513960704,
      0.5683557394002068,
      0.5650465356773526,
      0.5650465356773526,
      0.5650465356773526,
      0.5650465356773526,
      0.5650465356773526,
      0.5650465356773526
    ]
  },
  "data_stats": {
    "total_sequences": 330,
    "train_sequences": 264,
    "val_sequences": 66,
    "avg_sequence_length": 74.16969696969697
  },
  "timestamp": "2025-10-09T20:57:55.846177"
}