{
  "model_config": {
    "vocab_size": 3,
    "d_model": 256,
    "nhead": 16,
    "num_layers": 8,
    "dim_feedforward": 1024,
    "max_seq_length": 100,
    "dropout": 0.1
  },
  "training_args": {
    "data_source": "database",
    "data_file": null,
    "database_url": null,
    "min_unpredictability": 0.0,
    "method_filter": null,
    "min_length": 10,
    "max_length": 100,
    "augment": 1,
    "val_ratio": 0.2,
    "d_model": 256,
    "nhead": 16,
    "num_layers": 8,
    "dim_feedforward": 1024,
    "max_seq_length": 100,
    "dropout": 0.1,
    "epochs": 50,
    "batch_size": 8,
    "learning_rate": 0.0001,
    "device": "auto",
    "output_dir": "/app/models",
    "model_name": "larger_transformer",
    "save_every": 10,
    "print_every": 5,
    "seed": 42,
    "dry_run": false
  },
  "training_history": {
    "train_loss": [
      1.3836582601070404,
      0.8763867616653442,
      0.8628357946872711,
      0.7873505651950836,
      0.7068395912647247,
      0.7744448781013489,
      0.7258215546607971,
      0.6905077993869781,
      0.7303711175918579,
      0.7309962809085846,
      0.6988293528556824,
      0.6936131715774536,
      0.7074688374996185,
      0.6980535387992859,
      0.6920324563980103,
      0.6911004483699799,
      0.7038330137729645,
      0.6917549073696136,
      0.690977543592453,
      0.6946092545986176,
      0.6884436309337616,
      0.686040073633194,
      0.6929032504558563,
      0.6837337613105774,
      0.6920346617698669,
      0.6927010416984558,
      0.6911679208278656,
      0.6937567889690399,
      0.6942037343978882,
      0.6914609372615814,
      0.6928600072860718,
      0.6910248398780823,
      0.6905398368835449,
      0.6862218976020813,
      0.6887421607971191,
      0.6910654008388519,
      0.6863743960857391,
      0.6854094564914703,
      0.6874989867210388,
      0.688462644815445,
      0.6892925798892975,
      0.6866616308689117,
      0.6862131953239441,
      0.6909233629703522,
      0.6883633136749268,
      0.682931512594223,
      0.6899883449077606,
      0.6880581676959991,
      0.6862646639347076,
      0.6849198639392853
    ],
    "val_loss": [
      0.978759765625,
      0.9296450614929199,
      0.9084868431091309,
      0.6976495385169983,
      0.7390581369400024,
      0.7192684412002563,
      0.6960192918777466,
      0.7543647289276123,
      0.774325430393219,
      0.7255544662475586,
      0.693035900592804,
      0.6960216760635376,
      0.6940745115280151,
      0.694185197353363,
      0.7113872766494751,
      0.7243298292160034,
      0.7156642079353333,
      0.6980903744697571,
      0.6923328638076782,
      0.692278265953064,
      0.6939992904663086,
      0.7000427842140198,
      0.7069038152694702,
      0.7061770558357239,
      0.699975848197937,
      0.6952376365661621,
      0.6943421363830566,
      0.6959475874900818,
      0.7017824053764343,
      0.7059506177902222,
      0.7042242884635925,
      0.6979506611824036,
      0.6969956755638123,
      0.6984881162643433,
      0.7010008692741394,
      0.702519953250885,
      0.7028751373291016,
      0.7021762132644653,
      0.7007057070732117,
      0.6983069777488708,
      0.6978257894515991,
      0.6996666789054871,
      0.703148365020752,
      0.702071487903595,
      0.7003334760665894,
      0.700526237487793,
      0.7014252543449402,
      0.702738344669342,
      0.7034195065498352,
      0.7025308609008789
    ],
    "val_accuracy": [
      0.5084175084175084,
      0.49158249158249157,
      0.49158249158249157,
      0.49158249158249157,
      0.5084175084175084,
      0.5084175084175084,
      0.49158249158249157,
      0.49158249158249157,
      0.49158249158249157,
      0.49158249158249157,
      0.5151515151515151,
      0.5084175084175084,
      0.5084175084175084,
      0.5084175084175084,
      0.49158249158249157,
      0.49158249158249157,
      0.49158249158249157,
      0.49158249158249157,
      0.5117845117845118,
      0.5185185185185185,
      0.5218855218855218,
      0.49158249158249157,
      0.49158249158249157,
      0.49158249158249157,
      0.49158249158249157,
      0.5185185185185185,
      0.5050505050505051,
      0.5117845117845118,
      0.49158249158249157,
      0.49158249158249157,
      0.49158249158249157,
      0.5218855218855218,
      0.5185185185185185,
      0.5218855218855218,
      0.5084175084175084,
      0.5050505050505051,
      0.5050505050505051,
      0.5016835016835017,
      0.5185185185185185,
      0.5185185185185185,
      0.5185185185185185,
      0.5252525252525253,
      0.5016835016835017,
      0.5117845117845118,
      0.5185185185185185,
      0.531986531986532,
      0.5185185185185185,
      0.5185185185185185,
      0.5050505050505051,
      0.5151515151515151
    ]
  },
  "data_stats": {
    "total_sequences": 17,
    "train_sequences": 14,
    "val_sequences": 3,
    "avg_sequence_length": 100.0
  },
  "timestamp": "2025-10-09T16:42:23.420348"
}