{
  "model_config": {
    "vocab_size": 4,
    "d_model": 256,
    "nhead": 16,
    "num_layers": 12,
    "dim_feedforward": 1024,
    "max_seq_length": 200,
    "dropout": 0.1
  },
  "training_args": {
    "data_source": "database",
    "data_file": null,
    "database_url": null,
    "min_unpredictability": 0.0,
    "method_filter": null,
    "min_length": 10,
    "max_length": 100,
    "augment": 1,
    "val_ratio": 0.2,
    "d_model": 256,
    "nhead": 16,
    "num_layers": 12,
    "dim_feedforward": 1024,
    "max_seq_length": 200,
    "dropout": 0.1,
    "epochs": 50,
    "batch_size": 16,
    "learning_rate": 0.0001,
    "device": "auto",
    "output_dir": "/app/models",
    "model_name": "large_transformer",
    "save_every": 10,
    "print_every": 5,
    "seed": 42,
    "dry_run": false
  },
  "training_history": {
    "train_loss": [
      1.412056803703308,
      0.9347509443759918,
      0.9798687398433685,
      0.7954968214035034,
      0.7410237193107605,
      0.7867981791496277,
      0.7147414982318878,
      0.7030707001686096,
      0.7402183413505554,
      0.7171951234340668,
      0.6963565647602081,
      0.7091397941112518,
      0.7080093026161194,
      0.7008232772350311,
      0.6935345530509949,
      0.7023285925388336,
      0.7046615779399872,
      0.6999674141407013,
      0.6939612329006195,
      0.6972861588001251,
      0.6982821822166443,
      0.6921630799770355,
      0.6974283456802368,
      0.6952616274356842,
      0.6958315074443817,
      0.6966578364372253,
      0.698714554309845,
      0.6950498223304749,
      0.6944065093994141,
      0.692838042974472,
      0.6899872422218323,
      0.6948524117469788,
      0.6881400346755981,
      0.6918374300003052,
      0.6934096813201904,
      0.6896222531795502,
      0.6947042644023895,
      0.6889769732952118,
      0.6922045052051544,
      0.6898692548274994,
      0.688659131526947,
      0.6902080476284027,
      0.6881394982337952,
      0.6926573514938354,
      0.6899712085723877,
      0.6842310726642609,
      0.6830794215202332,
      0.6847119331359863,
      0.6803370714187622,
      0.6849650740623474
    ],
    "val_loss": [
      1.1237987279891968,
      1.0717395544052124,
      0.931912362575531,
      0.6895288825035095,
      0.7596951723098755,
      0.7055293917655945,
      0.7091681361198425,
      0.7749461531639099,
      0.7587161064147949,
      0.7043423652648926,
      0.6912915706634521,
      0.6949587464332581,
      0.6910759210586548,
      0.6969969868659973,
      0.7142637372016907,
      0.7200297117233276,
      0.7075364589691162,
      0.6939448714256287,
      0.6910120248794556,
      0.6911617517471313,
      0.694499671459198,
      0.7004242539405823,
      0.7051545977592468,
      0.7011837363243103,
      0.6939235925674438,
      0.6910817623138428,
      0.6915971636772156,
      0.6953037977218628,
      0.6997997760772705,
      0.6994297504425049,
      0.6970424056053162,
      0.6940537095069885,
      0.6918471455574036,
      0.6913051605224609,
      0.6933838725090027,
      0.696398138999939,
      0.6974927186965942,
      0.6951330304145813,
      0.692528486251831,
      0.6901815533638,
      0.6893967986106873,
      0.6904315948486328,
      0.6932578086853027,
      0.6919823884963989,
      0.6876657605171204,
      0.686633825302124,
      0.6864452362060547,
      0.6873279809951782,
      0.6891252994537354,
      0.688559353351593
    ],
    "val_accuracy": [
      0.5183333333333333,
      0.4816666666666667,
      0.4816666666666667,
      0.5233333333333333,
      0.5183333333333333,
      0.5183333333333333,
      0.4816666666666667,
      0.4816666666666667,
      0.4816666666666667,
      0.4816666666666667,
      0.5183333333333333,
      0.5183333333333333,
      0.5183333333333333,
      0.4816666666666667,
      0.4816666666666667,
      0.4816666666666667,
      0.4816666666666667,
      0.4816666666666667,
      0.5216666666666666,
      0.57,
      0.4816666666666667,
      0.4816666666666667,
      0.4816666666666667,
      0.4816666666666667,
      0.4816666666666667,
      0.5783333333333334,
      0.5083333333333333,
      0.4816666666666667,
      0.4816666666666667,
      0.4816666666666667,
      0.4816666666666667,
      0.4816666666666667,
      0.4816666666666667,
      0.48833333333333334,
      0.4816666666666667,
      0.4816666666666667,
      0.4816666666666667,
      0.4816666666666667,
      0.4816666666666667,
      0.5216666666666666,
      0.5616666666666666,
      0.5,
      0.4816666666666667,
      0.4816666666666667,
      0.5716666666666667,
      0.5666666666666667,
      0.5666666666666667,
      0.5683333333333334,
      0.5683333333333334,
      0.5683333333333334
    ]
  },
  "data_stats": {
    "total_sequences": 30,
    "train_sequences": 24,
    "val_sequences": 6,
    "avg_sequence_length": 100.0
  },
  "timestamp": "2025-10-09T20:36:47.951915"
}