{
  "model_config": {
    "vocab_size": 4,
    "d_model": 64,
    "nhead": 4,
    "num_layers": 2,
    "dim_feedforward": 128,
    "max_seq_length": 100,
    "dropout": 0.1
  },
  "training_args": {
    "data_source": "database",
    "data_file": null,
    "database_url": null,
    "min_unpredictability": 0.0,
    "method_filter": null,
    "min_length": 10,
    "max_length": 100,
    "augment": 1,
    "val_ratio": 0.2,
    "d_model": 64,
    "nhead": 4,
    "num_layers": 2,
    "dim_feedforward": 128,
    "max_seq_length": 100,
    "dropout": 0.1,
    "epochs": 30,
    "batch_size": 8,
    "learning_rate": 0.001,
    "device": "auto",
    "output_dir": "/app/models",
    "model_name": "small_transformer",
    "save_every": 10,
    "print_every": 5,
    "seed": 42,
    "dry_run": false
  },
  "training_history": {
    "train_loss": [
      0.7297993302345276,
      0.6899437506993612,
      0.6890491445859274,
      0.6869191328684489,
      0.6860753695170084,
      0.6814058025677999,
      0.6814882357915243,
      0.6830565730730692,
      0.6790736714998881,
      0.6791111429532369,
      0.6766162912050883,
      0.6767218311627706,
      0.6762070655822754,
      0.6772828698158264,
      0.6771038373311361,
      0.6745695074399313,
      0.6751869122187296,
      0.6728779673576355,
      0.6717527310053507,
      0.6723049680391947,
      0.6722584366798401,
      0.6713470419247946,
      0.6708520452181498,
      0.6723512609799703,
      0.671610693136851,
      0.6701653997103373,
      0.6675359010696411,
      0.6665385961532593,
      0.6670642296473185,
      0.6670982042948405
    ],
    "val_loss": [
      0.6865430474281311,
      0.7079946398735046,
      0.68706214427948,
      0.6774153113365173,
      0.6866699457168579,
      0.694318950176239,
      0.6830511689186096,
      0.679114580154419,
      0.6854622960090637,
      0.6903097033500671,
      0.6816425323486328,
      0.6788305044174194,
      0.6853085160255432,
      0.6882649660110474,
      0.6834704875946045,
      0.6815377473831177,
      0.6808407306671143,
      0.6845106482505798,
      0.6852200031280518,
      0.6803956031799316,
      0.6846479773521423,
      0.6863647699356079,
      0.679621160030365,
      0.6847369074821472,
      0.6826213598251343,
      0.6845377087593079,
      0.683417797088623,
      0.6846626996994019,
      0.687300443649292,
      0.68504399061203
    ],
    "val_accuracy": [
      0.5616666666666666,
      0.5416666666666666,
      0.5783333333333334,
      0.5783333333333334,
      0.5683333333333334,
      0.5516666666666666,
      0.5833333333333334,
      0.5783333333333334,
      0.5866666666666667,
      0.5766666666666667,
      0.5833333333333334,
      0.5833333333333334,
      0.585,
      0.5766666666666667,
      0.5916666666666667,
      0.585,
      0.5783333333333334,
      0.5833333333333334,
      0.585,
      0.5816666666666667,
      0.5783333333333334,
      0.5716666666666667,
      0.5816666666666667,
      0.5716666666666667,
      0.575,
      0.5716666666666667,
      0.5833333333333334,
      0.58,
      0.5733333333333334,
      0.57
    ]
  },
  "data_stats": {
    "total_sequences": 30,
    "train_sequences": 24,
    "val_sequences": 6,
    "avg_sequence_length": 100.0
  },
  "timestamp": "2025-10-09T20:47:57.911218"
}