{
  "model_config": {
    "vocab_size": 3,
    "d_model": 128,
    "nhead": 8,
    "num_layers": 6,
    "dim_feedforward": 512,
    "max_seq_length": 100,
    "dropout": 0.1
  },
  "training_args": {
    "data_source": "database",
    "data_file": null,
    "database_url": null,
    "min_unpredictability": 0.0,
    "method_filter": null,
    "min_length": 10,
    "max_length": 100,
    "augment": 1,
    "val_ratio": 0.2,
    "d_model": 128,
    "nhead": 8,
    "num_layers": 6,
    "dim_feedforward": 512,
    "max_seq_length": 100,
    "dropout": 0.1,
    "epochs": 20,
    "batch_size": 32,
    "learning_rate": 0.0001,
    "device": "auto",
    "output_dir": "/app/models",
    "model_name": "start_token_transformer",
    "save_every": 10,
    "print_every": 10,
    "seed": 42,
    "dry_run": false
  },
  "training_history": {
    "train_loss": [
      0.7086017727851868,
      0.7359864115715027,
      0.7081841826438904,
      0.6926500201225281,
      0.7029559016227722,
      0.7021056413650513,
      0.6904719471931458,
      0.687446117401123,
      0.6878498792648315,
      0.6907793283462524,
      0.690031111240387,
      0.6909108757972717,
      0.6850966215133667,
      0.6805768609046936,
      0.6839838027954102,
      0.6841145753860474,
      0.6846011877059937,
      0.6847200393676758,
      0.6804208159446716,
      0.6813773512840271
    ],
    "val_loss": [
      0.6905084848403931,
      0.6800594925880432,
      0.695318341255188,
      0.7253516316413879,
      0.727778971195221,
      0.7087625861167908,
      0.6890977025032043,
      0.6787711381912231,
      0.6761307120323181,
      0.6758471727371216,
      0.6764723062515259,
      0.6797186136245728,
      0.6861751079559326,
      0.6933401226997375,
      0.6975625157356262,
      0.6967962384223938,
      0.6917524337768555,
      0.6854880452156067,
      0.6804986596107483,
      0.6777693629264832
    ],
    "val_accuracy": [
      0.545,
      0.5683333333333334,
      0.5366666666666666,
      0.495,
      0.48,
      0.5033333333333333,
      0.57,
      0.5833333333333334,
      0.585,
      0.585,
      0.5833333333333334,
      0.5833333333333334,
      0.5683333333333334,
      0.5583333333333333,
      0.5433333333333333,
      0.5466666666666666,
      0.575,
      0.5716666666666667,
      0.5833333333333334,
      0.5833333333333334
    ]
  },
  "data_stats": {
    "total_sequences": 30,
    "train_sequences": 24,
    "val_sequences": 6,
    "avg_sequence_length": 100.0
  },
  "timestamp": "2025-10-09T20:32:32.519573"
}