{
  "model_config": {
    "vocab_size": 4,
    "d_model": 64,
    "nhead": 4,
    "num_layers": 2,
    "dim_feedforward": 128,
    "max_seq_length": 100,
    "dropout": 0.1
  },
  "training_args": {
    "data_source": "database",
    "data_file": null,
    "database_url": null,
    "min_unpredictability": 0.0,
    "method_filter": null,
    "min_length": 10,
    "max_length": 100,
    "augment": 15,
    "val_ratio": 0.2,
    "d_model": 64,
    "nhead": 4,
    "num_layers": 2,
    "dim_feedforward": 128,
    "max_seq_length": 100,
    "dropout": 0.1,
    "epochs": 40,
    "batch_size": 8,
    "learning_rate": 0.001,
    "device": "auto",
    "output_dir": "/app/models",
    "model_name": "super_augmented_transformer",
    "save_every": 10,
    "print_every": 5,
    "seed": 42,
    "dry_run": false
  },
  "training_history": {
    "train_loss": [
      0.6878008716034166,
      0.6667078643134146,
      0.6639869285352302,
      0.6615332852710377,
      0.6599152666149717,
      0.6589242111552845,
      0.6587026859774734,
      0.6570283156452756,
      0.6556326855312694,
      0.6584374796260487,
      0.6550260402939536,
      0.6536919637159868,
      0.6547811230023702,
      0.6532065127835129,
      0.6526446143786112,
      0.6496034463246664,
      0.6515593257817355,
      0.6480654965747487,
      0.649048817880226,
      0.6460925033598235,
      0.6437115145452095,
      0.6495493758808483,
      0.6432866779240695,
      0.6378696253805449,
      0.6336922428824685,
      0.6279505780248931,
      0.627867416902022,
      0.6270320523868907,
      0.6184783930128271,
      0.6273184427709291,
      0.6289279605403091,
      0.6206983923912048,
      0.6152683234576023,
      0.6083299869840796,
      0.6114720873760454,
      0.6085326852220477,
      0.6080006767402996,
      0.6080966465400927,
      0.6049140655633175,
      0.5997058541485758
    ],
    "val_loss": [
      0.6441636284192404,
      0.6293371485339271,
      0.6223411725627052,
      0.6117624971601698,
      0.6133765280246735,
      0.610161132282681,
      0.613337775071462,
      0.6051587263743082,
      0.60520515176985,
      0.6052282055219015,
      0.6057770881387923,
      0.6037604080306159,
      0.6070065630806817,
      0.6009966333707174,
      0.6017296612262726,
      0.5977366268634796,
      0.5979857974582248,
      0.5924680067433251,
      0.5941305160522461,
      0.5958520041571723,
      0.5882270899083879,
      0.6045422388447655,
      0.5816899405585395,
      0.58165775736173,
      0.596320864227083,
      0.571718391444948,
      0.5713071657551659,
      0.5653920736577775,
      0.5780679980913798,
      0.5673267576429579,
      0.5703330900934007,
      0.56883105635643,
      0.5619495974646674,
      0.5600057045618693,
      0.5627522269884745,
      0.5605840881665548,
      0.5601568520069122,
      0.5641923083199395,
      0.555931439002355,
      0.5576824082268609
    ],
    "val_accuracy": [
      0.6224295102819589,
      0.6145855416578334,
      0.632181471274115,
      0.6332414670341319,
      0.6207335170659317,
      0.6266694933220267,
      0.6243375026499894,
      0.6311214755140979,
      0.6287894848420607,
      0.6347254610981556,
      0.6298494806020776,
      0.6326054695781217,
      0.6311214755140979,
      0.632181471274115,
      0.6304854780580877,
      0.6357854568581726,
      0.6328174687301251,
      0.6332414670341319,
      0.6381174475302098,
      0.6340894636421455,
      0.632181471274115,
      0.6275174899300403,
      0.633877464490142,
      0.6412974348102608,
      0.6298494806020776,
      0.6440534237863048,
      0.6336654653381386,
      0.6306974772100912,
      0.6347254610981556,
      0.6268814924740301,
      0.6268814924740301,
      0.645749417002332,
      0.6332414670341319,
      0.6247615009539962,
      0.6434174263302946,
      0.6453254186983252,
      0.6482934068263727,
      0.6495654017383931,
      0.6432054271782913,
      0.6474454102183591
    ]
  },
  "data_stats": {
    "total_sequences": 330,
    "train_sequences": 264,
    "val_sequences": 66,
    "avg_sequence_length": 74.11818181818182
  },
  "timestamp": "2025-10-09T20:53:13.174677"
}