{
  "model_config": {
    "vocab_size": 4,
    "d_model": 32,
    "nhead": 4,
    "num_layers": 2,
    "dim_feedforward": 128,
    "max_seq_length": 100,
    "dropout": 0.1
  },
  "training_args": {
    "data_source": "database",
    "data_file": null,
    "database_url": null,
    "min_unpredictability": 0.0,
    "method_filter": null,
    "min_length": 10,
    "max_length": 100,
    "augment": 1,
    "duplicate": 1,
    "val_ratio": 0.2,
    "d_model": 32,
    "nhead": 4,
    "num_layers": 2,
    "dim_feedforward": 128,
    "max_seq_length": 100,
    "dropout": 0.1,
    "epochs": 200,
    "batch_size": 2,
    "learning_rate": 0.001,
    "device": "cuda",
    "output_dir": "/app/models",
    "model_name": "tiny_gpu_model",
    "save_every": 10,
    "print_every": 10,
    "seed": 42,
    "dry_run": false
  },
  "training_history": {
    "train_loss": [
      0.6907830427993428,
      0.6585199358788404,
      0.6479931704022668,
      0.6394597915085879,
      0.6205113008618355,
      0.6259610652923584,
      0.6086287512020632,
      0.6179558580571954,
      0.6111159273846583,
      0.6121307669038122,
      0.6072839217429812,
      0.6179004907608032,
      0.6148453571579673,
      0.5909658965062011,
      0.6047159812667153,
      0.6012175936590541,
      0.6059107021851973,
      0.600452147424221,
      0.5967975787141107,
      0.5915729599920186,
      0.5943245806477286,
      0.590230526571924,
      0.5851368809288199,
      0.5708966837687925,
      0.5835838493975726,
      0.5795915072614496,
      0.5825827717781067,
      0.5755122139711272,
      0.5760935125025836,
      0.573836961761117,
      0.584796973250129,
      0.5741493268446489,
      0.5608508654616096,
      0.5656631710854444,
      0.5693984194235369,
      0.5688248686492443,
      0.5734869986772537,
      0.5516428856009786,
      0.5674486910416321,
      0.5641585249792446,
      0.5625376823273572,
      0.555785674940456,
      0.5564908588474448,
      0.5609999007799409,
      0.5555153243582357,
      0.5675907131623138,
      0.5521091331135143,
      0.5504245263609019,
      0.5554682219570334,
      0.5495487275448713,
      0.5350813288241625,
      0.546938189051368,
      0.5421226322650909,
      0.5458989888429642,
      0.5443366996266625,
      0.5440529579804703,
      0.5417987352067773,
      0.5356069965796038,
      0.5381130223924463,
      0.530838297510689,
      0.5353040627457879,
      0.5340030965479937,
      0.5336277601732449,
      0.5301235507835041,
      0.5218233520334418,
      0.526671964167194,
      0.5290847298773852,
      0.5301843597130342,
      0.5269703399389982,
      0.5247887286611579,
      0.530011149123311,
      0.524551004848697,
      0.5209032419052991,
      0.526866380463947,
      0.5244690653952685,
      0.5196049714630301,
      0.5038889671929858,
      0.5173594965176149,
      0.5206883630969308,
      0.5161803446032784,
      0.5038456763564185,
      0.5153374489058148,
      0.5058697028593584,
      0.5117072788151827,
      0.5105755689807914,
      0.5069383436983282,
      0.5018173056569967,
      0.4955880641937256,
      0.5149189220233397,
      0.5036416229876605,
      0.4971043176271699,
      0.485717281868512,
      0.48487962562252174,
      0.49275331741029565,
      0.49714563973248005,
      0.49594768543135037,
      0.4998421221971512,
      0.4878245500678366,
      0.4940653145313263,
      0.494495418261398,
      0.48275073211301456,
      0.487112820148468,
      0.4823155999183655,
      0.4848268601027402,
      0.4805972201919014,
      0.475325381891294,
      0.4592289664697918,
      0.48106912997635926,
      0.47662100856277073,
      0.493934860622341,
      0.48410218412225897,
      0.4636760875582695,
      0.4835562492636117,
      0.4743739860978993,
      0.4710537980903279,
      0.4737471822987903,
      0.4666502218354832,
      0.4741542786359787,
      0.47916287116029044,
      0.4614516943693161,
      0.47007390585812653,
      0.4541393613273447,
      0.4598515683954412,
      0.4644294310869141,
      0.44657324881038885,
      0.45874112979932263,
      0.4430268569426103,
      0.4629299481484023,
      0.44716510650786484,
      0.4593722766095942,
      0.45308742401274765,
      0.4463617808439515,
      0.450446602973071,
      0.44341607188636606,
      0.4599748221649365,
      0.44861602647738025,
      0.46529271927746857,
      0.4492149877954613,
      0.44129463065076957,
      0.4397643594579263,
      0.44317738915031607,
      0.43560012108223006,
      0.44870826601982117,
      0.44342555749145424,
      0.4384241723878817,
      0.4448437385938384,
      0.44285357650369406,
      0.4577671072699807,
      0.4466408897529949,
      0.4362891494211825,
      0.43479935824871063,
      0.43413014498285274,
      0.4370292967016047,
      0.433038406920704,
      0.4255977993492376,
      0.42616685276681726,
      0.41972887786951935,
      0.42358447204936633,
      0.4305910495194522,
      0.4232679402286356,
      0.4094064554030245,
      0.42359481362456625,
      0.4190251418304714,
      0.4330310008742593,
      0.41550648551095615,
      0.4258365292440761,
      0.41816613789309154,
      0.4182784337211739,
      0.4120126468214122,
      0.4227223145690831,
      0.4150465381416408,
      0.41651008464396,
      0.3974142356521704,
      0.41931866566565906,
      0.4070797295055606,
      0.40898742052641784,
      0.41819205676967447,
      0.3950541772964326,
      0.4228178587826816,
      0.4084905609488487,
      0.4151848283681003,
      0.40389181673526764,
      0.4017516308548776,
      0.41565106402743945,
      0.41094478219747543,
      0.3922744290056554,
      0.4011487527327104,
      0.40462459970942954,
      0.40099619481373916,
      0.40170738846063614,
      0.3953412662852894,
      0.3974183736877008,
      0.40411086109551514,
      0.3995398635214025,
      0.39601235261017625,
      0.3947266082872044,
      0.4044892423870889,
      0.3960147156295451,
      0.40329079973426735,
      0.38162659311836417
    ],