{
  "model_config": {
    "vocab_size": 4,
    "d_model": 64,
    "nhead": 4,
    "num_layers": 2,
    "dim_feedforward": 128,
    "max_seq_length": 100,
    "dropout": 0.2
  },
  "training_args": {
    "data_source": "database",
    "data_file": null,
    "database_url": null,
    "min_unpredictability": 0.0,
    "method_filter": null,
    "min_length": 10,
    "max_length": 100,
    "augment": 15,
    "val_ratio": 0.2,
    "d_model": 64,
    "nhead": 4,
    "num_layers": 2,
    "dim_feedforward": 128,
    "max_seq_length": 100,
    "dropout": 0.2,
    "epochs": 50,
    "batch_size": 4,
    "learning_rate": 0.003,
    "device": "auto",
    "output_dir": "/app/models",
    "model_name": "tuned_transformer",
    "save_every": 10,
    "print_every": 5,
    "seed": 42,
    "dry_run": false
  },
  "training_history": {
    "train_loss": [
      0.6932919458909468,
      0.6759847736719883,
      0.6736181233868455,
      0.6670945652506568,
      0.6667137696887507,
      0.6659107262437994,
      0.6694948262337482,
      0.6693362751693437,
      0.6638834657091083,
      0.66336731161132,
      0.660200806278171,
      0.6583098010583357,
      0.6627237191705992,
      0.6621786265662222,
      0.6669410051721515,
      0.658514060757377,
      0.6606337599682085,
      0.6585833823139017,
      0.6587937356847705,
      0.6567969701506875,
      0.656529735435139,
      0.663970635695891,
      0.6535713758432504,
      0.6499611468929233,
      0.6607821746305986,
      0.6520481741789615,
      0.6479565984371937,
      0.6477618375510881,
      0.642484703298771,
      0.6507545655423944,
      0.6397316311344956,
      0.646455932747234,
      0.6450706751960696,
      0.6396729589411707,
      0.6379856738177213,
      0.6374968190987905,
      0.6374033657890378,
      0.6346466640631357,
      0.6330534251350345,
      0.6280894577503204,
      0.6399209928331953,
      0.6320170832402778,
      0.63072195603992,
      0.631220688422521,
      0.6255611709573052,
      0.6272016524365454,
      0.624768182183757,
      0.6193815600691419,
      0.6224748429023859,
      0.6301568832361337
    ],
    "val_loss": [
      0.6652647923020756,
      0.6635446057600134,
      0.6499418546171749,
      0.6430421611841988,
      0.6457530189962948,
      0.6399830123957466,
      0.6521722814616036,
      0.6445978599436143,
      0.6422168367049274,
      0.6454287276548498,
      0.6460240693653331,
      0.639605322304894,
      0.6427317331818974,
      0.6486021841273588,
      0.6403089270872229,
      0.6371117058922263,
      0.6474801372079289,
      0.6369014855693368,
      0.6373336069724139,
      0.6326324343681335,
      0.6345294012742884,
      0.640893231419956,
      0.6388298781479106,
      0.6537621827686534,
      0.6573488747372347,
      0.6289592472945943,
      0.6319446037797367,
      0.6380025954807506,
      0.6277596950531006,
      0.6367381232626298,
      0.62015840586494,
      0.6459393396097071,
      0.626081109046936,
      0.6299446558251101,
      0.6176638901233673,
      0.62757007690037,
      0.6354672119897955,
      0.6211034585447872,
      0.6206641162143034,
      0.6280952288823969,
      0.6154819288674522,
      0.621577510062386,
      0.6257531940937042,
      0.6081187917905695,
      0.62401602899327,
      0.6253614057512844,
      0.608567451729494,
      0.6231617419158711,
      0.6161343280006858,
      0.6237540770979488
    ],
    "val_accuracy": [
      0.5898332990327227,
      0.6058859847705289,
      0.5982712492282363,
      0.6182342045688414,
      0.6235850998147767,
      0.6213212595184194,
      0.5741922206215271,
      0.6083556287301914,
      0.6060917884338342,
      0.6137065239761268,
      0.6116484873430748,
      0.6242025108046924,
      0.6095904507100226,
      0.6087672360568018,
      0.6188516155587569,
      0.6128833093229059,
      0.6071208067503602,
      0.6215270631817247,
      0.6196748302119778,
      0.6204980448651986,
      0.6186458118954518,
      0.6151471496192632,
      0.6176167935789257,
      0.591068121012554,
      0.5941551759621321,
      0.6124717019962955,
      0.6233792961514715,
      0.6262605474377444,
      0.6184400082321465,
      0.6139123276394319,
      0.6145297386293476,
      0.6017699115044248,
      0.6178225972422309,
      0.6202922412018934,
      0.6169993825890101,
      0.625848940111134,
      0.6260547437744391,
      0.627906976744186,
      0.6207038485285038,
      0.6192632228853674,
      0.6270837620909652,
      0.6252315291212184,
      0.6194690265486725,
      0.6274953694175757,
      0.6091788433834122,
      0.6192632228853674,
      0.6217328668450298,
      0.6223502778349455,
      0.6291417987240173,
      0.6244083144679975
    ]
  },
  "data_stats": {
    "total_sequences": 330,
    "train_sequences": 264,
    "val_sequences": 66,
    "avg_sequence_length": 74.13939393939394
  },
  "timestamp": "2025-10-09T20:55:41.514041"
}